<!--
CMS result for H -> WW decay mode from the combination paper HIG-17-031.
Best-fit values and uncertainties taken from Table 3, correlations from Add. Fig. 1 at 
http://cms-results.web.cern.ch/cms-results/public-results/publications/HIG-17-031/
-->

<expmu dim="5" type="vn">
  <experiment>CMS</experiment>
  <source type="published">HIG-17-031</source>
  <sqrts>13</sqrts>
  <mass>125.09</mass>
  <CL>68%</CL> <!-- optional -->

  <eff axis="d1" prod="ggH" decay="WW">1.0</eff>
  <eff axis="d2" prod="VBF" decay="WW">1.0</eff>
  <eff axis="d3" prod="WH" decay="WW">1.0</eff>
  <eff axis="d4" prod="ZH" decay="WW">1.0</eff>
  <eff axis="d5" prod="ttH" decay="WW">1.0</eff>

  <bestfit>
    <d1>1.35</d1>
	  <d2>0.28</d2>
	  <d3>3.91</d3>
	  <d4>0.96</d4>
	  <d5>1.60</d5>
  </bestfit>
 
  <param>
    <uncertainty axis="d1" side="left">-0.19</uncertainty>
    <uncertainty axis="d1" side="right">+0.21</uncertainty>
    <uncertainty axis="d2" side="left">-0.6</uncertainty>
    <uncertainty axis="d2" side="right">+0.64</uncertainty>
    <uncertainty axis="d3" side="left">-2.01</uncertainty>
    <uncertainty axis="d3" side="right">+2.26</uncertainty>
    <uncertainty axis="d4" side="left">-1.46</uncertainty>
    <uncertainty axis="d4" side="right">+1.81</uncertainty>	
    <uncertainty axis="d5" side="left">-0.59</uncertainty>
    <uncertainty axis="d5" side="right">+0.65</uncertainty>
	  
    <correlation entry="d1d2">-0.21</correlation>
	  <correlation entry="d1d3">-0.11</correlation>
	  <correlation entry="d1d4">-0.02</correlation>
	  <correlation entry="d1d5">0</correlation>
	
  	<correlation entry="d2d3">0</correlation>
	  <correlation entry="d2d4">0</correlation>
	  <correlation entry="d2d5">0</correlation>

	  <correlation entry="d3d4">-0.05</correlation>
	  <correlation entry="d3d5">0</correlation>

	  <correlation entry="d4d5">0</correlation>
  </param>
</expmu>