<!--
CMS result for mu(H->invisible) at mH = 125.09 GeV, V(qq')H-tag category; 
profile likelihood fitted from Fig. 8b, efficiencies taken from Table 6 of CMS-HIG-17-023, 
http://cms-results.web.cern.ch/cms-results/public-results/publications/HIG-17-023/
-->

<expmu decay="invisible" dim="1" type="vn">
  <experiment>CMS</experiment>
  <source type="published">CMS-HIG-17-023</source>
  <sqrts>13</sqrts>
  <mass>125.09</mass>

  <eff prod="ggH">0.39</eff>
  <eff prod="VBF">0.06</eff>
  <eff prod="WH">0.33</eff>
  <eff prod="ZH">0.22</eff>

  <bestfit>0.0252</bestfit>

  <param>
  <uncertainty side="left">0.25</uncertainty>
  <uncertainty side="right">0.253</uncertainty>
  </param> 

</expmu>
