<!--
CMS result for mu(H->invisible) at mH = 125.09 GeV, Z(ll)H-tag category; 
profile likelihood fitted from Fig. 8b of HIG-17-023,
http://cms-results.web.cern.ch/cms-results/public-results/publications/HIG-17-023/
-->

<expmu decay="invisible" dim="1" type="vn">
  <experiment>CMS</experiment>
  <source type="published">CMS-HIG-17-023</source>
  <sqrts>13</sqrts>
  <mass>125.09</mass>

  <eff prod="ZH">1</eff>

  <bestfit>-0.052</bestfit>

  <param>
  <uncertainty side="left">0.20</uncertainty>
  <uncertainty side="right">0.21</uncertainty>
  </param> 

</expmu>
