<!--
CMS result for mu(WH, tautau) at mH = 125 GeV taken from Figure 6 of HIG-18-007
http://cms-results.web.cern.ch/cms-results/public-results/publications/HIG-18-007/
-->

<expmu decay="tautau" dim="1" type="p">
  <experiment>CMS</experiment>
  <source type="published">HIG-18-007</source>
  <sqrts>13</sqrts>
  <mass>125</mass>
  <CL>68%</CL> <!-- optional -->

  <eff prod="WH">1.</eff>

  <bestfit>3.39</bestfit>
  
  <param>
	  <uncertainty side="left">-1.54</uncertainty>
	  <uncertainty side="right">1.68</uncertainty>
  </param>  
</expmu>