<!--
parametrization of a 2D Gaussian fitted from the 68% CL contour
in the plane mu(ggF, WW) vs. mu(VBF+VH, WW)
at mH = 125.09 GeV, shown in CMS-HIG-15-002; ATLAS-HIGG-2015-07
http://cms-results.web.cern.ch/cms-results/public-results/publications/HIG-15-002/index.html
 -->

<expmu decay="WW" dim="2" type="n">
  <experiment>ATLAS-CMS</experiment>
  <source type="publication">CMS-HIG-15-002; ATLAS-HIGG-2015-07</source>
  <sqrts>7+8</sqrts>
  <mass>125.09</mass>
  <CL>68%</CL> <!-- optional -->
  
  <eff axis="x" prod="ggH">1</eff>
  <eff axis="y" prod="VVH">1</eff>
  
  <bestfit>
    <x>0.996</x>
    <y>1.408</y>
  </bestfit>
  
  <param>
    <a>24.315</a>
    <b>2.598</b>
    <c>7.110</c>
  </param>
</expmu>
