<!--
ATLAS result for mu(ttH, gammagamma) at mH = 125.4 GeV
https://atlas.web.cern.ch/Atlas/GROUPS/PHYSICS/PAPERS/HIGG-2013-08/
 -->

<expmu decay="gammagamma" dim="1" type="n">
  <experiment>ATLAS</experiment>
  <source type="published">HIGG-2013-08</source>
  <sqrts>7+8</sqrts>
  <mass>125.4</mass>

  <eff prod="ttH">1</eff>

  <bestfit>1.6</bestfit>
  
  <param>
    <uncertainty side="left">-1.8</uncertainty>
    <uncertainty side="right">2.7</uncertainty>
    <!-- if not needed, just <uncertainty></uncertainty> -->
  </param>
</expmu>
