<!--
ATLAS result for mu(ttH, 2l 1tau) at mH = 125. GeV
https://atlas.web.cern.ch/Atlas/GROUPS/PHYSICS/PAPERS/HIGG-2013-26/
 -->

<expmu dim="1" type="n">
  <experiment>ATLAS</experiment>
  <source type="published">HIGG-2013-26</source>
  <sqrts>8</sqrts>
  <mass>125.</mass>


  <eff prod="ttH" decay="WW">0.35</eff>
  <eff prod="ttH" decay="tautau">0.62</eff>
  <eff prod="ttH" decay="ZZ">0.02</eff>
  <eff prod="ttH" decay="bb">0.01</eff>


  <bestfit>-0.9</bestfit>
  
  <param>
    <uncertainty side="left">-2.0</uncertainty>
    <uncertainty side="right">3.1</uncertainty>
    <!-- if not needed, just <uncertainty></uncertainty> -->
  </param>
</expmu>
