<!--
ATLAS result for mu(VH, bb) at mH = 125.36 GeV
https://atlas.web.cern.ch/Atlas/GROUPS/PHYSICS/PAPERS/HIGG-2013-23/
 -->

<expmu decay="bb" dim="1" type="n">
  <experiment>ATLAS</experiment>
  <source type="published">HIGG-2013-023</source>
  <sqrts>7+8</sqrts>
  <mass>125.36</mass>

  <eff prod="VH">1.0</eff>

  <bestfit>0.51</bestfit>
  
  <param>
    <uncertainty side="left">-0.37</uncertainty>
    <uncertainty side="right">0.40</uncertainty>
    <!-- if not needed, just <uncertainty></uncertainty> -->
  </param>
</expmu>
