<!--
CMS result for mu(ttH, 4l) at mH = 125.6 GeV
 http://cds.cern.ch/record/1748396?ln=en
-->

<expmu dim="1" type="n">
  <experiment>CMS</experiment>
  <source type="published">HIG-13-029</source>
  <sqrts>8</sqrts>
  <mass>125.6</mass>

  <eff prod="ttH" decay="WW">0.5</eff>
  <eff prod="ttH" decay="tautau">0.3333333</eff>
  <eff prod="ttH" decay="ZZ">0.1666667</eff>

  <bestfit>-4.7</bestfit>
  
  <param>
    <uncertainty side="left">-1.3</uncertainty>
    <uncertainty side="right">5.0</uncertainty>
    <!-- if not needed, just <uncertainty></uncertainty> -->
  </param>
</expmu>
