<!--
parametrization of a 2D Gaussian fitted from the 68% CL contour
in the plane mu(gg+ttH, tautau) vs. mu(VBF+VH, tautau)
at mH = 125.02 GeV, shown in CMS-HIG-14-009
https://twiki.cern.ch/twiki/bin/view/CMSPublic/Hig14009PaperTwiki
-->

<expmu decay="tautau" dim="2" type="n">
  <experiment>CMS</experiment>
  <source type="published">HIG-14-009</source>
  <sqrts>7+8</sqrts>
  <mass>125.02</mass>
  <CL>68%</CL> <!-- optional -->

  <eff axis="x" prod="ggH">1.0</eff>
  <eff axis="y" prod="VVH">1.0</eff>

  <bestfit>
    <x>0.543733</x>
    <y>1.24145</y>
  </bestfit>
  
  <param>
    <a>3.91634</a>
    <b>1.81384</b>
    <c>5.37902</c>
  </param>
</expmu>
